{
  "elements": [
    "B",
    "C"
  ],
  "geometry": [
    [
      "B",
      [
        0,
        0,
        0.0
      ]
    ],
    [
      "C",
      [
        0,
        0,
        1.5
      ]
    ]
  ],
  "num_atoms": 2,
  "num_electrons": 11,
  "num_orbitals": 2,
  "hf_energy": -61.35611276430654,
  "mo_energies": [
    [
      -10.947372040729178,
      -7.375308939086131,
      -0.7909067947545042,
      -0.34431427770529793,
      -0.30607335195394136,
      -0.2438252880523621,
      0.09909687144910075,
      0.28549541849391735,
      0.31518825104102266,
      0.8711313009627122
    ],
    [
      -10.935241718893025,
      -7.367139996278994,
      -0.7051554356365115,
      -0.3014780516020357,
      -0.23618596119751825,
      0.11516377931174235,
      0.18634250705139802,
      0.3334153034686582,
      0.4497808499118165,
      0.8994639094090167
    ]
  ],
  "nuclear_repulsion": 10.5835442184,
  "qubit_hamiltonian": {
    "pauli_strings": [
      "IIIIIIIIII",
      "ZIIIIIIIII",
      "IIIIIIIIII",
      "IZIIIIIIII",
      "IIIIIIIIII",
      "IIZIIIIIII",
      "IIIIIIIIII",
      "IIIZIIIIII",
      "IIIIIIIIII",
      "IIIIZIIIII",
      "IIIIIIIIII",
      "IIIIIZIIII",
      "IIIIIIIIII",
      "IIIIIIZIII",
      "IIIIIIIIII",
      "IIIIIIIZII",
      "IIIIIIIIII",
      "IIIIIIIIZI",
      "IIIIIIIIII",
      "IIIIIIIIIZ"
    ],
    "coefficients": [
      -9.755398179522851,
      9.755398179522851,
      -7.211750891355767,
      7.211750891355767,
      -2.896684633898204,
      2.896684633898204,
      -2.404781424591284,
      2.404781424591284,
      -2.5787259447714903,
      2.5787259447714903,
      -2.49743983757398,
      2.49743983757398,
      -2.4534998393711014,
      2.4534998393711014,
      -2.351937346052867,
      2.351937346052867,
      -2.433223453250376,
      2.433223453250376,
      -2.569132789188776,
      2.569132789188776
    ],
    "num_qubits": 20
  },
  "bond_lengths": {
    "B1-C2": 2.8345891868475928
  }
}