{"ground_state_energy":-74.305120714955223,"vqe_energy":-63.721576496555222,"hf_energy":-61.356112764306538,"energy_improvement":2.3654637322486849,"optimal_parameters":[3.4947358053331228,4.711430891107697,1.2391510882887633,4.7123370825775668,3.7038758992702681,1.5711048465691839,-0.00044465776638582589,3.7585251071998922,6.2967194754259141,4.9495898407837924,0.35309709083923896,4.7116316209066706,4.3808320485312011,4.71231817877462,5.7206954651166955,1.5704541311168816,3.1417200620509163,5.6657802951542457,3.1552198087341194,4.4753272115871647],"num_qubits":10,"num_iterations":50,"qubit_z_expectations":[-0.99999994404834758,-0.99999993507611251,-0.999999994897009,-0.99999999495047809,-0.999999965128052,-0.9999998045388927,-0.99999986024739773,-0.99999982259495945,-0.99999483180590309,-0.999994936170381],"orbital_occupations":[0.99999997202417379,0.9999999675380562,0.99999999744850454,0.999999997475239,0.999999982564026,0.99999990226944635,0.99999993012369881,0.99999991129747978,0.99999741590295155,0.99999746808519052]}