{"ground_state_energy":-3.4199411277891225,"vqe_energy":-2.7143715132291226,"hf_energy":-3.2542197583976891,"energy_improvement":-0.53984824516856644,"optimal_parameters":[6.5933888576835766,5.2434377102640788,0.77963722956243375,5.5035719527977678,3.6726555240543615,-1.2606005051191564],"num_qubits":2,"num_iterations":100,"qubit_z_expectations":[-0.99999999999999822,-0.99999999999999578],"orbital_occupations":[0.99999999999999911,0.99999999999999789]}